,mass,radius,orbital_period,star_teff,star_age
101,0.917,1.44,2.8280517000000005,5675.0,6.3
102,1.308,0.885,4.0350906,5945.0,1.64
104,0.535,1.17,5.35227,5650.0,6.73
107,1.11,1.29,3.8971372000000004,6090.0,5.0
116,0.52,1.26,4.20474,5590.0,8.6
119,0.85,0.9,2.8505700000000003,5260.0,4.5
122,0.84,1.46,4.62941,5370.0,4.7
124,1.1,1.68,3.22748,6390.0,6.1
125,0.68,1.41,5.616531,6730.0,2.1
126,0.72,1.19,9.20166201,6190.0,1.0
324,0.9,1.44,2.916415,5638.0,5.0
332,0.525,1.319,4.46529976,5980.0,3.6
337,0.685,1.242,3.3552400000000002,6373.0,2.8
338,0.5670000000000001,1.19,3.652836,5500.0,3.2
341,0.66,1.055,3.0395803,5300.0,4.4
343,0.626,1.212,3.257215,5680.0,6.1
344,0.778,1.107,5.723186,6087.0,2.2
347,0.723,1.41,2.81060078,6250.0,1.0
349,0.75,1.7890000000000001,2.15000825,6001.0,3.8
350,0.763,1.827,3.474474,6401.0,2.4
352,1.054,1.3319999999999999,3.6467059999999996,6096.0,3.5
353,1.8319999999999999,1.264,1.3273469999999998,5580.0,6.6
354,1.169,1.178,2.7974360000000003,5500.0,3.6
356,0.599,1.571,3.5438699999999996,6430.0,2.0
357,0.591,0.8270000000000001,2.8997029999999997,5224.0,1.6
358,0.615,1.73,4.457243,6080.0,2.7
359,0.8,1.685,2.6940470000000003,6479.0,2.2
360,0.975,1.2770000000000001,4.641876,5743.0,5.1
361,0.66,1.2830000000000001,3.3326879999999997,5645.0,5.7
364,0.892,1.426,3.1289919999999998,6330.0,2.0
369,1.73,1.4480000000000002,2.6915575,6820.0,1.5
370,0.68,1.27,3.0565113999999998,5890.0,4.2
371,1.36,1.288,3.1220109000000003,6280.0,3.37
373,0.8190000000000001,1.0090000000000001,2.7535952999999997,5131.0,9.4
374,1.4869999999999999,1.318,1.9616241,5956.0,4.67
375,0.76,0.9440000000000001,3.799847,4390.0,3.9
376,0.5820000000000001,1.182,3.5852467000000003,5808.0,4.2
378,1.85,1.413,2.4652950000000002,7500.0,1.0
380,1.54,1.123,4.1419771,5678.0,7.3
381,1.06,1.252,2.788491,5960.0,1.7
382,0.574,1.631,4.7947812999999995,6212.0,2.765
383,1.057,0.899,1.90231289,5587.0,2.6
384,0.7609999999999999,1.073,2.6453235,5629.0,8.1
385,0.614,1.119,3.377728,5400.0,9.0
386,0.58,1.703,4.007232,6457.0,2.88
387,0.527,1.89,2.6054552,5835.0,5.46
388,0.7829999999999999,1.59,2.972086,6002.0,4.66
390,0.7240000000000001,1.072,2.29840551,4508.0,11.1
392,1.11,1.275,3.8529972000000003,6570.0,2.3
394,1.79,1.51,2.20473825,6532.23,2.07
395,1.35,1.42,3.076318,6401.79,3.4
396,0.67,1.4,3.922814,6350.0,1.6
397,0.526,0.9690000000000001,3.312846,5880.0,3.3
398,0.85,1.609,3.619188,5871.0,7.7
400,0.5429999999999999,1.212,3.0440499,5523.0,2.5
401,1.071,1.0390000000000001,2.7667641,5346.0,4.9
405,1.98,1.337,0.8378434000000001,5600.0,4.2
407,1.855,1.3019999999999998,3.4464589999999995,5870.0,6.0
411,1.47,1.86,2.1605156,5780.0,4.2
413,0.613,1.26,4.2986432,5715.0,7.5
414,0.65,1.75,3.3023881,6071.0,4.04
415,0.53,1.5,4.6370379999999995,6438.0,2.3
416,0.672,1.194,3.1810781,5498.0,6.2
417,0.653,1.251,4.605874900000001,5670.0,5.5
418,1.345,1.168,1.354133,5227.0,9.7
419,0.706,1.175,3.1743516,5943.0,2.3
420,0.88,1.64,3.37796,6050.0,4.3
421,0.92,1.249,2.8126548,5700.0,3.5
422,1.192,1.23,2.5495551,5659.0,3.0
423,0.941,1.43,2.1061607,5380.0,7.7
424,1.222,1.464,1.8209933,6300.0,2.13
428,0.63,1.57,4.5776348,6572.0,2.06
429,1.071,1.381,3.547851,6351.0,3.2
430,1.59,1.58,3.2642736,6460.0,2.07
432,1.88,1.4,2.292102,6060.0,3.26
434,0.56,1.067,2.7439004000000002,5080.0,9.7
435,0.7,1.286,4.1876244,6450.0,1.52
440,1.3230000000000002,1.02,2.516729,5403.0,2.1
442,0.768,1.41,3.3488702000000004,5758.0,4.74
444,0.595,1.34,3.8537767999999994,5644.0,8.0
445,0.753,1.015,2.5441765,5621.0,7.96
447,0.602,1.6880000000000002,4.324799,6536.0,1.8940000000000001
449,1.03,1.095,4.218089599999999,7175.0,0.31
450,0.8059999999999999,1.126,5.416081,5670.0,4.3
453,0.662,1.153,3.560829,5690.0,7.53
456,0.96,1.207,3.0566527000000003,5626.0,10.4
457,0.96,1.679,4.9088970000000005,6560.0,1.86
458,0.821,1.501,3.105161,6276.0,1.42
460,1.45,1.685,1.6091788,6605.0,0.44
461,1.29,1.2321,3.5862202000000005,6122.0,3.14
462,0.5770000000000001,0.945,2.2252577000000002,5137.0,8.0
467,1.46,1.032,1.73185606,3776.9,11.0
470,1.374,1.165,3.0876262000000003,4071.0,12.1
473,0.8390000000000001,1.236,1.915291,5599.0,10.8
785,1.138,1.138,2.219,4875.0,0.6
815,1.008,1.5619999999999998,3.30896,6230.0,1.8
842,0.69,1.38,3.52472,6092.0,4.0
934,1.18,1.44,4.12692,6801.0,1.3
1307,0.84,1.426,3.3139589999999997,6061.0,4.25
1313,1.28,1.083,5.817685,5660.0,5.9
1352,0.93,1.093,6.56918,5705.0,9.8
1498,0.86,1.3,3.20466,5630.0,5.63
1528,1.42,1.5519999999999998,2.6266657,6367.0,1.9
1588,0.73,1.19,3.2588321,5387.06,2.6
1608,0.579,1.0390000000000001,4.098503,5425.0,3.9
1830,1.1,0.9470000000000001,8.406725999999999,4717.0,7.8
1836,0.679,1.399,4.166285,5948.0,4.5
1838,0.95,1.79,5.0316144,6330.0,0.8
1842,1.176,1.568,2.8716082000000003,6670.0,1.9
1847,0.937,1.29,2.25528756,5899.0,6.4
1849,1.47,1.35,2.7033904,6518.0,3.0
1850,0.9,1.7,2.989594,6207.0,4.38
1853,1.24,1.2930000000000001,2.734784,6789.0,1.3
1854,0.8740000000000001,1.86,3.2440599999999997,5754.0,5.4
2677,0.66,0.96,4.942782,5515.0,3.7
3814,0.941,1.341,1.7208603999999998,5750.0,5.1
3828,0.56,1.29,1.8555582,5750.0,4.4
3832,0.595,1.192,2.6843285,5560.0,11.0
3838,1.27,1.08,3.52563254,5150.0,5.0
3851,0.84,1.99,8.600153599999999,6161.0,2.25
3877,1.0,1.09,3.2467292999999997,5800.0,5.8
3896,0.505,0.96,2.4552389999999997,3820.0,0.5
4233,0.6679999999999999,1.304,3.2346996,5647.0,3.8
4290,0.63,0.96,7.340711,6000.0,0.8
4497,0.59,1.416,3.5224991,6213.0,3.84
4528,0.81,1.367,6.246580000000001,4550.0,4.86
4835,1.675,1.53,2.82406,7800.0,0.8
4886,0.7509999999999999,1.1,3.27623,5600.0,3.28
4887,0.667,1.3,4.84532,5550.0,10.29
4888,0.764,1.24,3.24253,5650.0,9.22
4893,0.613,1.2670000000000001,4.0760000000000005,6057.0,6.39
4894,0.52,1.214,3.4678796000000003,5820.0,4.77
4895,0.639,1.023,2.823093,5321.0,3.49
4897,0.593,1.396,3.3704181,5700.0,7.9
4899,0.67,1.536,4.5111204,6478.0,2.17
4907,1.33,1.271,0.882058,4410.0,9.6
4908,0.93,1.09,2.4997,5241.0,12.48
5033,0.68,1.72,3.10129,6075.0,1.1
5034,0.54,1.077,4.01451,4800.0,1.1
5035,1.24,1.11,1.4324772,4588.0,0.7
5039,1.3,1.2,1.2119090000000001,6050.0,2.0
5081,0.736,1.534,1.6453209999999998,6124.0,3.2
5087,0.6679999999999999,1.062,3.506189,5052.0,1.0
5088,1.88,1.7,2.032046,6387.0,1.0
5090,1.19,1.0090000000000001,1.5407309999999999,4309.0,7.5
5160,1.057,1.16,8.3501898,4250.0,8.2
5171,1.18,1.3,2.103195,6260.0,2.59
5264,1.18,1.286,2.0845435,5404.0,12.82
5265,0.99,1.239,5.331751000000001,5948.0,2.64
5266,0.6963,0.9225,8.7099,5597.0,8.3
5268,1.22,1.489,4.231306,6495.0,1.8230000000000002
5282,0.7909999999999999,1.0859999999999999,2.2554477000000004,5880.0,4.7
5302,0.7,1.4,3.208666,5984.0,2.81
5319,0.9740000000000001,1.0,3.7130818,4673.0,6.0
5333,1.6248,1.2187,6.54406,6232.0,3.7
5377,0.92,1.453,3.6240801,6280.0,2.9
5378,0.82,0.96,8.600769999999999,5673.0,8.0
5382,0.65,1.0170000000000001,6.90683,5966.0,2.3
5383,0.94,1.77,2.1225735,5966.0,5.5
5388,0.64,0.995,8.001968,6101.0,3.3
5400,1.0,0.9,2.99432,4780.0,4.9
5408,1.966,1.025,2.13570304,3943.0,9.4
5415,0.93,1.34,5.842641,5707.0,5.3
5429,0.64,1.0,7.18585,5831.0,6.7
5447,0.61,1.76,6.2034,4800.0,5.9
5454,0.7170000000000001,1.224,2.499387,5665.0,5.5
5457,0.975,1.6159999999999999,1.96229325,6280.0,3.7
5458,0.71,1.3630000000000002,4.039708999999999,5721.0,9.5
5462,1.68,1.1740000000000002,2.3505613999999997,5691.0,9.8
5464,0.62,1.466,3.9014971,5760.0,7.0
5471,0.5539999999999999,1.39,3.6525144999999997,5850.0,8.1
5476,1.67,1.091,5.8768918,5706.0,5.4
5482,0.98,1.167,3.246075,5950.0,3.3
5484,0.6890000000000001,0.9940000000000001,2.15484802,3660.0,2.9
5487,1.04,2.0,2.8989727000000003,5772.0,5.6
5488,1.11,1.172,3.2443141,5859.0,4.5
5507,0.73,1.1640000000000001,3.1774835,6060.0,0.8
5526,0.9570000000000001,1.35,4.378081,4974.0,3.88
5527,1.113,1.489,3.25352,6020.0,4.51
5533,0.794,1.183,2.8807197999999996,5640.0,4.1
5548,1.49,1.06,9.955810000000001,4896.0,4.92
5587,0.799,0.879,4.291452,4230.0,6.7
5590,0.54,1.06,2.930289,3586.0,2.9
5608,0.802,0.961,2.0028490000000003,3996.0,7.2
5614,0.5760000000000001,0.9229999999999999,2.2035373,3896.0,7.4
5615,1.463,1.02,1.651144,5666.0,7.3
5628,1.635,1.284,5.7987,6223.0,2.31
5629,0.7979999999999999,1.063,2.576184,3635.0,7.8
5646,0.88,1.771,5.0037775,6460.0,1.99
5697,1.1,1.255,3.2797178,5842.0,6.8
5703,0.667,1.171,3.739494,5300.0,3.4
5719,0.7609999999999999,1.099,3.0300722,5242.82,3.7
5720,1.253,1.189,2.4706133738,5850.0,5.1
5722,0.917,1.706,3.5539267999999997,6200.0,2.9
5723,1.778,1.209,1.4822446000000002,5171.0,7.38
5742,0.5,1.36,3.5857076,6400.0,0.9
5743,0.621,1.33,2.709813,5990.0,0.67
5744,1.49,1.528,0.925542,6110.0,4.0
5750,1.167,1.215,2.6755463,6000.0,4.6
5751,0.91,1.443,3.3190233,6520.0,2.6
5753,0.515,1.238,3.7783976999999997,5400.0,8.6
5754,1.85,1.442,2.310965,6510.0,2.6
5755,0.88,1.1909999999999998,3.0353992,5610.0,10.6
5757,1.7690000000000001,1.339,1.5487743,5940.0,6.4
5758,0.64,1.22,6.6132,6250.0,1.7
5760,0.514,1.44,4.0460435,6404.0,1.17
5761,1.23,1.4,2.49979,5650.0,8.0
5765,0.92,1.327,2.977641,5737.0,6.9
5766,0.6,1.24,3.37265,6050.0,2.1
5770,1.0,0.93,5.748145,5900.0,1.0
5771,1.47,1.9,1.09141937,6360.0,1.7
5777,1.16,1.21,2.1764229999999998,5700.0,6.8
5780,1.9,1.3,1.4013794,5680.0,4.4
5781,1.51,1.38,5.215357,6067.2,3.62
5782,0.6809999999999999,1.27,3.9080284,6100.0,4.3
5788,0.84,1.53,2.052868,6010.0,2.0
5789,0.725,1.234,3.7788730000000004,5900.0,1.9
5791,0.89,0.9,1.7690381000000002,4900.0,0.5
5792,1.11,1.228,3.3969440000000004,6100.0,6.9
5796,0.991,1.36,1.332813,5750.0,0.6
5803,0.871,1.2,3.1104130000000003,5660.0,1.7
5805,0.5760000000000001,0.998,3.951623,5772.0,1.0
5807,0.55,1.38,3.8404010000000004,6000.0,5.0
5808,0.542,1.4280000000000002,3.7520656000000003,6300.0,3.9
5812,1.87,1.202,1.6096883999999998,6472.0,11.4
5814,0.6579999999999999,1.26,3.4655089999999995,5599.0,4.77
5818,0.561,1.304,5.611411799999999,6110.0,3.8
5819,0.855,1.008,3.1186008999999997,5550.0,2.3
5821,1.6,1.0959999999999999,2.34478022,5593.0,4.8
5822,1.084,0.988,3.8186244,5965.0,5.9079999999999995
5825,0.99,1.208,3.0652907000000003,6229.0,1.745
5827,0.508,1.58,3.0717220000000003,5017.0,9.7
5828,1.41,1.94,3.3448285,8640.0,0.43
5833,0.502,1.47,4.1117771,5313.0,14.9
5839,1.99,1.619,2.7240330000000004,7996.0,0.855
5845,1.1740000000000002,1.381,3.1833869999999997,6405.0,0.75
5847,1.2690000000000001,1.2890000000000001,5.167228,6050.0,2.6
5848,1.139,1.41,0.78884,5500.0,9.95
5849,0.9470000000000001,1.514,2.5199447999999998,6116.0,3.0
5854,1.071,1.3,2.3412127000000003,6075.0,1.6
5856,1.028,1.281,2.7566004,5950.0,6.0
5857,0.907,1.213,3.4088300000000005,6150.0,5.0
5863,0.58,1.26,4.31768509,5700.0,6.7
5866,1.8,1.16,3.577471,5800.0,11.0
5869,1.81,1.392,1.8468354,6352.0,2.1
5874,0.889,1.14,2.4238039000000002,5410.0,0.9
5875,1.0070000000000001,1.16,3.1260876,5140.0,1.4
5884,1.4369999999999998,1.138,1.9550958999999999,5400.0,8.1
5887,0.63,1.57,3.6935995000000004,6097.47,6.9
5888,0.61,1.33,4.46563,5900.0,3.0
5889,0.599,1.092,4.617101,5797.0,6.2
5891,0.89,1.37,5.017180000000001,5800.0,3.2
5892,0.863,0.775,7.9195850000000005,4650.0,0.5
5893,1.6369999999999998,1.171,1.6284246,5700.0,3.0
5894,0.514,0.86,4.3050011,5900.0,3.6
5898,1.2209999999999999,1.271,1.5732918,5652.0,7.0
5902,0.95,1.24,5.084298,5692.5,5.7
5904,0.503,1.224,3.3610059999999997,5450.0,11.0
5905,0.59,1.1640000000000001,3.7130203,5763.0,9.5
5907,1.446,1.27,2.2167421000000003,5773.47,5.0
5909,0.826,1.248,2.13775138,5970.0,2.0
5910,1.07,1.27,2.484193,6100.0,3.5
5912,1.7590000000000001,1.21,1.3600288,5500.0,1.0
5915,0.96,1.33,4.9546415999999995,6400.0,2.4
5920,0.6920000000000001,0.9564,8.5234964,5314.0,1.0
5933,1.206,1.0979999999999999,2.1846656,5630.0,2.4
5935,1.32,1.13,2.0727599999999997,5640.0,11.9
5936,0.83,1.1,2.96264,5526.0,10.5
5953,1.12,1.3,1.0187074,5000.0,0.6
5955,0.62,0.973,2.615838,5290.0,2.0
5960,1.6159999999999999,1.317,4.1247300000000005,5700.0,2.1
5961,1.077,1.03,4.1877537,5510.0,8.5
5963,0.726,1.3459999999999999,2.86413296,6000.0,1.18
