,mass,mass_error_min,mass_error_max,radius,radius_error_min,radius_error_max,orbital_period,orbital_period_error_min,orbital_period_error_max,star_teff,star_teff_error_min,star_teff_error_max,star_mass,star_mass_error_min,star_mass_error_max
101,0.917,0.065,0.07,1.44,0.13,0.13,2.8280517000000005,1.2e-06,1.2e-06,5675.0,80.0,80.0,1.078,0.07200000000000001,0.07200000000000001
102,1.308,0.066,0.066,0.885,0.013999999999999999,0.013999999999999999,4.0350906,3.6000000000000003e-06,3.6000000000000003e-06,5945.0,90.0,90.0,1.09,0.02,0.02
104,0.535,0.085,0.085,1.17,0.14,0.14,5.35227,0.0002,0.0002,5650.0,100.0,100.0,1.0979999999999999,0.078,0.078
107,1.11,0.06,0.06,1.29,0.05,0.05,3.8971372000000004,2.1000000000000002e-06,2.1000000000000002e-06,6090.0,70.0,70.0,1.21,0.06,0.06
108,1.03,0.12,0.12,1.49,0.08,0.08,1.50896848,1.1e-07,1.1e-07,6298.0,66.0,66.0,0.95,0.15,0.15
116,0.52,0.05,0.05,1.26,0.07,0.13,4.20474,5e-05,5e-05,5590.0,100.0,100.0,1.09,0.06,0.06
119,0.85,0.2,0.2,0.9,0.16,0.16,2.8505700000000003,6e-06,6e-06,5260.0,100.0,100.0,0.976,0.14,0.14
122,0.84,0.34,0.34,1.46,0.3,0.3,4.62941,0.00075,0.00075,5370.0,126.0,99.0,1.25,0.22,0.22
124,1.1,0.37,0.37,1.68,0.11,0.11,3.22748,8e-05,8e-05,6390.0,130.0,130.0,1.01,0.07,0.07
125,0.68,0.68,0.47,1.41,0.14,0.14,5.616531,2.3e-05,2.3e-05,6730.0,140.0,140.0,1.32,0.09,0.09
126,0.72,0.08,0.08,1.19,0.05,0.05,9.20166201,4e-06,4e-06,6190.0,60.0,60.0,1.1,0.02,0.02
159,1.68,0.11,0.11,1.229,0.021,0.021,3.0425240000000002,1.7e-05,1.7e-05,5370.0,140.0,140.0,0.93,0.12,0.12
161,0.773,0.040999999999999995,0.040999999999999995,1.327,0.013999999999999999,0.013999999999999999,3.6915237000000003,3.5000000000000004e-06,3.5000000000000004e-06,5720.0,64.0,64.0,1.0,0.095,0.095
324,0.9,0.03,0.03,1.44,0.04,0.04,2.916415,8e-05,8e-05,5638.0,90.0,90.0,1.22,0.1,0.1
332,0.525,0.019,0.019,1.319,0.019,0.019,4.46529976,5.5e-07,5.5e-07,5980.0,49.0,49.0,1.151,0.052000000000000005,0.052000000000000005
337,0.685,0.033,0.033,1.242,0.067,0.067,3.3552400000000002,7.000000000000001e-06,7.000000000000001e-06,6373.0,80.0,80.0,1.1909999999999998,0.042,0.042
341,0.66,0.033,0.033,1.055,0.036000000000000004,0.036000000000000004,3.0395803,1.5e-06,1.5e-06,5300.0,90.0,90.0,0.945,0.035,0.035
343,0.626,0.037000000000000005,0.037000000000000005,1.212,0.08199999999999999,0.113,3.257215,7.000000000000001e-06,7.000000000000001e-06,5680.0,90.0,90.0,1.025,0.047,0.047
344,0.778,0.04,0.076,1.107,0.08199999999999999,0.136,5.723186,4.9e-05,4.9e-05,6087.0,88.0,88.0,1.207,0.046,0.046
347,0.723,0.017,0.017,1.41,0.036000000000000004,0.036000000000000004,2.81060078,4.6e-07,4.6e-07,6250.0,100.0,100.0,1.18,0.03,0.03
349,0.75,0.13,0.13,1.7890000000000001,0.025,0.025,2.15000825,1.2e-07,1.2e-07,6001.0,88.0,88.0,1.176,0.07,0.07
350,0.763,0.11699999999999999,0.11699999999999999,1.827,0.29,0.29,3.474474,1e-06,1e-06,6401.0,88.0,88.0,1.403,0.096,0.096
352,1.054,0.033,0.033,1.3319999999999999,0.098,0.098,3.6467059999999996,2.1e-05,2.1e-05,6096.0,88.0,88.0,1.236,0.048,0.048
353,1.8319999999999999,0.099,0.099,1.264,0.071,0.071,1.3273469999999998,3e-06,3e-06,5580.0,100.0,100.0,1.022,0.049,0.049
354,1.169,0.10300000000000001,0.10300000000000001,1.178,0.077,0.077,2.7974360000000003,7.000000000000001e-06,7.000000000000001e-06,5500.0,100.0,100.0,0.929,0.043,0.043
356,0.599,0.099,0.099,1.571,0.081,0.10800000000000001,3.5438699999999996,5e-06,5e-06,6430.0,100.0,100.0,1.4040000000000001,0.051,0.051
357,0.591,0.018000000000000002,0.018000000000000002,0.8270000000000001,0.055,0.055,2.8997029999999997,5.4000000000000005e-05,5.4000000000000005e-05,5224.0,69.0,69.0,0.917,0.03,0.03
358,0.615,0.038,0.038,1.73,0.062,0.062,4.457243,1e-05,1e-05,6080.0,100.0,100.0,1.5119999999999998,0.109,0.045
359,0.8,0.102,0.102,1.685,0.051,0.076,2.6940470000000003,4e-06,4e-06,6479.0,103.8,96.97,1.32,0.163,0.252
360,0.975,0.126,0.126,1.2770000000000001,0.149,0.149,4.641876,3.2e-05,3.2e-05,5743.0,50.0,50.0,1.179,0.067,0.067
361,0.66,0.083,0.083,1.2830000000000001,0.034,0.057,3.3326879999999997,1.6e-05,1.6e-05,5645.0,74.0,74.0,1.048,0.042,0.031
364,0.892,0.099,0.13699999999999998,1.426,0.087,0.175,3.1289919999999998,1e-05,1e-05,6330.0,100.0,100.0,1.2590000000000001,0.057999999999999996,0.057999999999999996
369,1.73,0.205,0.205,1.4480000000000002,0.061,0.061,2.6915575,1.5e-06,1.5e-06,6820.0,52.0,52.0,1.5430000000000001,0.051,0.051
370,0.68,0.04,0.04,1.27,0.05,0.05,3.0565113999999998,2.8e-06,2.8e-06,5890.0,67.0,67.0,1.26,0.14,0.14
371,1.36,0.075,0.075,1.288,0.064,0.064,3.1220109000000003,6.5000000000000004e-06,6.5000000000000004e-06,6280.0,49.0,49.0,1.273,0.049,0.115
373,0.8190000000000001,0.03,0.03,1.0090000000000001,0.07200000000000001,0.07200000000000001,2.7535952999999997,9.4e-06,9.4e-06,5131.0,50.0,50.0,0.887,0.027000000000000003,0.027000000000000003
374,1.4869999999999999,0.057999999999999996,0.059000000000000004,1.318,0.091,0.091,1.9616241,3.9e-06,3.9e-06,5956.0,50.0,50.0,1.093,0.043,0.043
375,0.76,0.032,0.032,0.9440000000000001,0.027999999999999997,0.027999999999999997,3.799847,1.4000000000000001e-05,1.4000000000000001e-05,4390.0,50.0,50.0,0.645,0.02,0.02
376,0.5820000000000001,0.055999999999999994,0.055999999999999994,1.182,0.055,0.055,3.5852467000000003,6.4e-06,6.4e-06,5808.0,50.0,50.0,1.013,0.037000000000000005,0.037000000000000005
378,1.85,1.85,0.0,1.413,0.054000000000000006,0.054000000000000006,2.4652950000000002,3.2e-06,3.2e-06,7500.0,250.0,250.0,1.47,0.12,0.12
380,1.54,0.067,0.067,1.123,0.013000000000000001,0.013000000000000001,4.1419771,1.2e-06,1.2e-06,5678.0,16.0,16.0,1.0,0.022000000000000002,0.022000000000000002
381,1.06,0.11,0.11,1.252,0.05,0.05,2.788491,2.5e-05,2.5e-05,5960.0,100.0,100.0,1.163,0.065,0.065
382,0.574,0.038,0.038,1.631,0.024,0.024,4.7947812999999995,2.4e-06,2.4e-06,6212.0,26.0,26.0,1.435,0.012,0.012
383,1.057,0.07,0.07,0.899,0.027000000000000003,0.027000000000000003,1.90231289,7.7e-07,7.7e-07,5587.0,45.0,45.0,1.004,0.033,0.033
384,0.7609999999999999,0.08800000000000001,0.08800000000000001,1.073,0.028999999999999998,0.028999999999999998,2.6453235,3.9e-06,3.9e-06,5629.0,48.0,48.0,1.023,0.02,0.02
385,0.614,0.024,0.024,1.119,0.033,0.033,3.377728,1.3000000000000001e-05,1.3000000000000001e-05,5400.0,39.0,55.0,0.925,0.023,0.023
386,0.58,0.13,0.18,1.703,0.07,0.07,4.007232,1.7e-06,1.7e-06,6457.0,29.0,29.0,1.298,0.021,0.021
387,0.527,0.083,0.083,1.89,0.13,0.13,2.6054552,3.1e-06,3.1e-06,5835.0,51.0,51.0,1.212,0.05,0.05
388,0.7829999999999999,0.057,0.057,1.59,0.1,0.16,2.972086,5.7000000000000005e-06,5.7000000000000005e-06,6002.0,50.0,50.0,1.255,0.0054,0.107
390,0.7240000000000001,0.043,0.043,1.072,0.012,0.012,2.29840551,5.2e-07,5.2e-07,4508.0,43.0,43.0,0.6785,0.0079,0.03
392,1.11,0.04,0.04,1.275,0.05,0.05,3.8529972000000003,1.4e-06,1.4e-06,6570.0,80.0,80.0,1.29,0.06,0.06
394,1.79,0.034,0.034,1.51,0.01,0.01,2.20473825,4.6e-07,4.6e-07,6532.23,95.0,123.4,1.347,0.18100000000000002,0.253
395,1.35,0.03,0.03,1.42,0.05,0.05,3.076318,5e-05,5e-05,6401.79,103.038,103.038,1.285,0.19699999999999998,0.19699999999999998
396,0.67,0.08,0.08,1.4,0.06,0.06,3.922814,2e-06,2e-06,6350.0,150.0,150.0,1.28,0.13,0.13
397,0.526,0.081,0.081,0.9690000000000001,0.045,0.061,3.312846,5.7999999999999995e-06,5.7999999999999995e-06,5880.0,120.0,120.0,1.1,0.054000000000000006,0.054000000000000006
400,0.5429999999999999,0.07200000000000001,0.07200000000000001,1.212,0.035,0.035,3.0440499,2.7000000000000004e-06,2.7000000000000004e-06,5523.0,69.0,69.0,0.9620000000000001,0.028999999999999998,0.028999999999999998
401,1.071,0.07,0.07,1.0390000000000001,0.0022,0.0032,2.7667641,2.7000000000000004e-06,2.7000000000000004e-06,5346.0,60.0,60.0,0.9670000000000001,0.024,0.024
405,1.98,0.077,0.077,1.337,0.049,0.1,0.8378434000000001,4.7e-07,4.7e-07,5600.0,120.0,120.0,1.037,0.047,0.047
411,1.47,0.07200000000000001,0.07200000000000001,1.86,0.4,0.3,2.1605156,4.5e-06,4.5e-06,5780.0,120.0,120.0,1.121,0.046,0.046
413,0.613,0.042,0.042,1.26,0.1,0.1,4.2986432,4.5e-06,4.5e-06,5715.0,73.0,73.0,0.9940000000000001,0.035,0.035
414,0.65,0.076,0.076,1.75,0.21,0.21,3.3023881,7.6e-06,7.6e-06,6071.0,81.0,81.0,1.2990000000000002,0.055999999999999994,0.113
415,0.53,0.13,0.13,1.5,0.11,0.2,4.6370379999999995,1.4000000000000001e-05,1.4000000000000001e-05,6438.0,64.0,64.0,1.415,0.048,0.048
416,0.672,0.087,0.087,1.194,0.07,0.07,3.1810781,3.9e-06,3.9e-06,5498.0,84.0,84.0,0.929,0.036000000000000004,0.036000000000000004
417,0.653,0.063,0.063,1.251,0.061,0.061,4.605874900000001,6.3e-06,6.3e-06,5670.0,110.0,110.0,1.032,0.049,0.049
418,1.345,0.15,0.15,1.168,0.03,0.03,1.354133,1e-06,1e-06,5227.0,95.0,95.0,0.882,0.037000000000000005,0.037000000000000005
419,0.706,0.039,0.039,1.175,0.052000000000000005,0.052000000000000005,3.1743516,2.6e-06,2.6e-06,5943.0,70.0,70.0,1.093,0.031,0.031
420,0.88,0.12,0.12,1.64,0.22,0.22,3.37796,1.2e-05,1.2e-05,6050.0,120.0,120.0,1.275,0.096,0.096
421,0.92,0.1,0.1,1.249,0.096,0.14400000000000002,2.8126548,5.5e-06,5.5e-06,5700.0,110.0,110.0,1.099,0.044000000000000004,0.044000000000000004
422,1.192,0.053,0.053,1.23,0.08,0.11,2.5495551,6.1e-06,6.1e-06,5659.0,85.0,85.0,1.062,0.032,0.032
423,0.941,0.07200000000000001,0.07200000000000001,1.43,0.19,0.19,2.1061607,4.7e-06,4.7e-06,5380.0,73.0,73.0,0.955,0.031,0.031
424,1.222,0.078,0.078,1.464,0.044000000000000004,0.069,1.8209933,1.6e-06,1.6e-06,6300.0,100.0,100.0,1.317,0.4,0.4
429,1.071,0.136,0.136,1.381,0.035,0.035,3.547851,5e-06,5e-06,6351.0,76.0,76.0,1.209,0.036000000000000004,0.036000000000000004
430,1.59,0.24,0.24,1.58,0.12,0.16,3.2642736,6e-06,6e-06,6460.0,130.0,130.0,1.56,0.07,0.07
432,1.88,0.15,0.15,1.4,0.14,0.25,2.292102,2.1000000000000002e-06,2.1000000000000002e-06,6060.0,120.0,120.0,1.273,0.067,0.067
434,0.56,0.11,0.11,1.067,0.071,0.125,2.7439004000000002,3.2e-06,3.2e-06,5080.0,100.0,100.0,0.86,0.021,0.021
435,0.7,0.15,0.15,1.286,0.09300000000000001,0.09300000000000001,4.1876244,5.6e-06,5.6e-06,6450.0,110.0,110.0,1.272,0.048,0.048
440,1.3230000000000002,0.027999999999999997,0.027999999999999997,1.02,0.037000000000000005,0.037000000000000005,2.516729,2e-06,2e-06,5403.0,50.0,50.0,1.001,0.02,0.02
442,0.768,0.045,0.045,1.41,0.19,0.19,3.3488702000000004,3.9e-06,3.9e-06,5758.0,58.0,58.0,1.187,0.06,0.06
444,0.595,0.08900000000000001,0.08900000000000001,1.34,0.055999999999999994,0.055999999999999994,3.8537767999999994,3.8e-06,3.8e-06,5644.0,94.0,94.0,0.9640000000000001,0.04,0.04
445,0.753,0.057,0.057,1.015,0.024,0.024,2.5441765,2.4e-06,2.4e-06,5621.0,70.0,70.0,1.05,0.05,0.05
447,0.602,0.035,0.035,1.6880000000000002,0.055,0.039,4.324799,2.7000000000000002e-05,2.7000000000000002e-05,6536.0,31.0,31.0,1.5730000000000002,0.017,0.017
449,1.03,0.23,0.23,1.095,0.062,0.062,4.218089599999999,8.900000000000001e-06,8.900000000000001e-06,7175.0,54.0,54.0,1.4609999999999999,0.043,0.043
450,0.8059999999999999,0.069,0.069,1.126,0.077,0.077,5.416081,1.6e-05,1.6e-05,5670.0,91.0,91.0,1.038,0.039,0.039
453,0.662,0.055,0.055,1.153,0.053,0.053,3.560829,3.2e-05,3.2e-05,5690.0,24.0,24.0,1.1,0.016,0.01
456,0.96,0.12,0.12,1.207,0.039,0.039,3.0566527000000003,4.9000000000000005e-06,4.9000000000000005e-06,5626.0,18.0,18.0,0.9309999999999999,0.019,0.019
457,0.96,0.2,0.2,1.679,0.081,0.081,4.9088970000000005,1.3000000000000001e-05,1.3000000000000001e-05,6560.0,31.0,31.0,1.5619999999999998,0.026000000000000002,0.026000000000000002
458,0.821,0.083,0.083,1.501,0.05,0.05,3.105161,1.6e-06,1.6e-06,6276.0,25.0,35.0,1.2690000000000001,0.031,0.031
460,1.45,0.12,0.12,1.685,0.047,0.047,1.6091788,4e-06,4e-06,6605.0,33.0,33.0,1.44,0.02,0.02
461,1.29,0.0592,0.0592,1.2321,0.0294,0.0393,3.5862202000000005,4.7e-06,4.7e-06,6122.0,28.0,28.0,1.337,0.11900000000000001,0.022000000000000002
462,0.5770000000000001,0.5770000000000001,0.0,0.945,0.022000000000000002,0.022000000000000002,2.2252577000000002,1.9e-06,1.9e-06,5137.0,16.0,16.0,0.892,0.016,0.011000000000000001
467,1.46,0.14,0.14,1.032,0.021,0.021,1.73185606,5.5e-07,5.5e-07,3776.9,9.5,9.5,0.6,0.008,0.008
470,1.374,0.07400000000000001,0.1,1.165,0.021,0.021,3.0876262000000003,1.6e-06,1.6e-06,4071.0,13.0,13.0,0.655,0.013999999999999999,0.013999999999999999
473,0.8390000000000001,0.03,0.032,1.236,0.031,0.031,1.915291,1.8e-05,1.9e-05,5599.0,85.0,85.0,1.1,0.05,0.05
815,1.008,0.079,0.07400000000000001,1.5619999999999998,0.069,0.053,3.30896,8.2e-05,8.2e-05,6230.0,98.0,100.0,1.703,0.12,0.075
842,0.69,0.017,0.017,1.38,0.018000000000000002,0.018000000000000002,3.52472,2.8199999999999998e-05,2.8199999999999998e-05,6092.0,103.0,103.0,1.148,0.022000000000000002,0.022000000000000002
934,1.18,0.09,0.09,1.44,0.01,0.01,4.12692,4e-05,4e-05,6801.0,56.0,56.0,1.44,0.02,0.02
1307,0.84,0.08,0.08,1.426,0.049,0.049,3.3139589999999997,2.4e-05,2.4e-05,6061.0,96.0,96.0,1.3,0.14,0.14
1313,1.28,0.12,0.12,1.083,0.031,0.031,5.817685,4.1e-05,4.1e-05,5660.0,87.0,87.0,1.04,0.04,0.04
1352,0.93,0.04,0.04,1.093,0.015,0.015,6.56918,4e-05,4e-05,5705.0,48.0,50.0,1.0,0.02,0.02
1497,1.236,0.044000000000000004,0.044000000000000004,1.642,0.05,0.05,2.1805577,5.7000000000000005e-06,5.7000000000000005e-06,6099.0,110.0,110.0,1.23,0.05,0.05
1498,0.86,0.12,0.13,1.3,0.14,0.15,3.20466,2.9999999999999997e-05,2.9999999999999997e-05,5630.0,78.0,78.0,1.19,0.08,0.08
1528,1.42,0.32,0.31,1.5519999999999998,0.057,0.048,2.6266657,1.8000000000000001e-06,2e-06,6367.0,250.0,250.0,1.39,0.06,0.06
1588,0.73,0.04,0.04,1.19,0.02,0.02,3.2588321,1.9e-06,1.9e-06,5387.06,144.83700000000002,140.344,0.935,0.09817000000000001,0.14340999999999998
1608,0.579,0.027000000000000003,0.027999999999999997,1.0390000000000001,0.051,0.05,4.098503,1.1e-05,1.1e-05,5425.0,40.0,40.0,0.9,0.04,0.04
1621,1.774,0.079,0.079,1.06,0.35,0.35,1.25785,2e-06,2e-06,5340.0,111.149,83.54700000000001,0.922,0.0829,0.1444
1660,1.78,0.13,0.13,1.245,0.028999999999999998,0.028999999999999998,2.995633,8e-06,8e-06,6071.0,90.0,90.0,1.15,0.04,0.04
1830,1.1,0.11,0.11,0.9470000000000001,0.085,0.085,8.406725999999999,0.001827,0.0018629999999999999,4717.0,73.0,73.0,1.2,0.05,0.05
1836,0.679,0.039,0.039,1.399,0.049,0.069,4.166285,5.6999999999999996e-05,5.6999999999999996e-05,5948.0,74.0,74.0,1.112,0.061,0.055
1838,0.95,0.14,0.14,1.79,0.17,0.18,5.0316144,3.06e-05,3.06e-05,6330.0,110.0,110.0,1.239,0.027999999999999997,0.027999999999999997
1839,0.92,0.23,0.23,1.443,0.057,0.11,3.3294410000000005,1.6e-05,1.6e-05,6003.0,50.0,50.0,1.181,0.05,0.05
1841,1.31,0.29,0.29,1.525,0.06,0.065,3.0801716,5.3e-06,5.3e-06,7454.0,49.0,49.0,1.635,0.061,0.066
1842,1.176,0.036000000000000004,0.036000000000000004,1.568,0.028999999999999998,0.028999999999999998,2.8716082000000003,1e-06,1e-06,6670.0,120.0,120.0,1.524,0.069,0.069
1847,0.937,0.04,0.04,1.29,0.02,0.02,2.25528756,6e-08,6e-08,5899.0,49.0,49.0,0.9420000000000001,0.054000000000000006,0.06
1848,1.486,0.08800000000000001,0.08800000000000001,1.306,0.067,0.067,4.113791399999999,1e-05,1e-05,6148.0,49.0,49.0,1.31,0.03,0.03
1849,1.47,0.07,0.07,1.35,0.07,0.07,2.7033904,1e-06,1e-06,6518.0,123.728,123.728,1.34,0.21899999999999997,0.21899999999999997
1850,0.9,0.06,0.06,1.7,0.05,0.05,2.989594,5e-06,5e-06,6207.0,76.0,76.0,1.204,0.063,0.07200000000000001
1853,1.24,0.18,0.18,1.2930000000000001,0.06,0.06,2.734784,9e-06,9e-06,6789.0,50.0,50.0,1.535,0.066,0.054000000000000006
1854,0.8740000000000001,0.067,0.068,1.86,0.18,0.18,3.2440599999999997,0.00016,0.00016,5754.0,55.0,55.0,1.2109999999999999,0.066,0.078
2677,0.66,0.09,0.09,0.96,0.07,0.07,4.942782,1.3e-06,1.3e-06,5515.0,130.0,122.0,1.02,0.05,0.04
3814,0.941,0.019,0.125,1.341,0.046,0.044000000000000004,1.7208603999999998,3e-07,3e-07,5750.0,90.0,90.0,1.17,0.09,0.09
3828,0.56,0.08,0.08,1.29,0.02,0.02,1.8555582,5.2e-07,5.2e-07,5750.0,100.0,100.0,1.15,0.04,0.04
3832,0.595,0.081,0.081,1.192,0.052000000000000005,0.052000000000000005,2.6843285,8.199999999999999e-08,8.199999999999999e-08,5560.0,80.0,80.0,0.85,0.04,0.04
3833,1.03,0.13,0.13,0.89,0.06,0.08,3.3118644,3.9e-07,3.9e-07,5460.0,81.0,81.0,1.01,0.054000000000000006,0.054000000000000006
3838,1.27,0.19,0.19,1.08,0.03,0.03,3.52563254,1.5e-07,1.5e-07,5150.0,100.0,100.0,0.87,0.05,0.05
3851,0.84,0.15,0.15,1.99,0.18,0.18,8.600153599999999,1.8000000000000001e-06,1.8000000000000001e-06,6161.0,94.0,94.0,1.54,0.09,0.09
3873,1.37,0.46,0.48,1.65,0.59,0.59,7.79430132,1.82e-06,1.82e-06,5493.0,62.0,62.0,1.0,0.21,0.21
3877,1.0,0.1,0.1,1.09,0.07,0.07,3.2467292999999997,3e-06,3e-06,5800.0,100.0,100.0,1.12,0.08,0.08
3896,0.505,0.09,0.09,0.96,0.11,0.11,2.4552389999999997,5e-06,5e-06,3820.0,90.0,90.0,0.59,0.06,0.06
4233,0.6679999999999999,0.035,0.038,1.304,0.033,0.018000000000000002,3.2346996,4e-07,4e-07,5647.0,44.0,44.0,1.21,0.04,0.04
4290,0.63,0.12,0.12,0.96,0.02,0.02,7.340711,6e-06,6e-06,6000.0,100.0,100.0,1.18,0.04,0.04
4497,0.59,0.12,0.13,1.416,0.062,0.053,3.5224991,7e-07,7e-07,6213.0,150.0,150.0,1.21,0.06,0.07
4528,0.81,0.17,0.18,1.367,0.06,0.069,6.246580000000001,8.2e-05,8.2e-05,4550.0,75.0,75.0,1.31,0.1,0.1
4791,1.09,0.087,0.087,1.03,0.13,0.13,1.706291,5.9999999999999995e-05,5.9999999999999995e-05,5165.0,90.0,90.0,0.892,0.1,0.1
4827,0.81,0.18,0.18,0.89,0.07,0.07,3.91405,4e-05,4e-05,5000.0,150.0,150.0,0.87,0.004,0.004
4835,1.675,0.24100000000000002,0.24100000000000002,1.53,0.04,0.07,2.82406,2.9999999999999997e-05,2.9999999999999997e-05,7800.0,200.0,200.0,1.75,0.05,0.05
4886,0.7509999999999999,0.09,0.1,1.1,0.1,0.1,3.27623,1e-05,1e-05,5600.0,150.0,150.0,0.995,0.3,0.3
4887,0.667,0.13,0.16,1.3,0.13,0.13,4.84532,2e-05,2e-05,5550.0,150.0,150.0,1.002,0.035,0.035
4888,0.764,0.16399999999999998,0.195,1.24,0.11,0.11,3.24253,1e-05,1e-05,5650.0,100.0,100.0,1.025,0.035,0.035
4890,0.812,0.025,0.066,1.33,0.33,0.61,2.647298,0.0002,0.0002,3916.0,63.0,71.0,0.617,0.062,0.023
4893,0.613,0.1,0.1,1.2670000000000001,0.03,0.03,4.0760000000000005,4.1e-06,4.1e-06,6057.0,64.0,64.0,1.01,0.07,0.07
4894,0.52,0.12,0.12,1.214,0.062,0.057999999999999996,3.4678796000000003,7.000000000000001e-06,7.000000000000001e-06,5820.0,8.0,93.0,1.26,0.04,0.04
4895,0.639,0.052000000000000005,0.057999999999999996,1.023,0.052000000000000005,0.035,2.823093,3.3e-06,3.3e-06,5321.0,58.0,58.0,0.91,0.04,0.04
4897,0.593,0.07,0.095,1.396,0.04,0.04,3.3704181,6e-06,6e-06,5700.0,80.0,80.0,1.07,0.06,0.06
4899,0.67,0.08900000000000001,0.08900000000000001,1.536,0.062,0.062,4.5111204,1.8000000000000001e-06,1.8000000000000001e-06,6478.0,89.0,94.0,1.64,0.22,0.19
4907,1.33,0.027999999999999997,0.024,1.271,0.19,0.19699999999999998,0.882058,1e-06,1e-06,4410.0,70.0,70.0,0.7876,0.016,0.016
4908,0.93,0.04,0.04,1.09,0.03,0.03,2.4997,1e-05,1e-05,5241.0,50.0,50.0,0.89,0.05,0.05
5039,1.3,0.08,0.08,1.2,0.17,0.17,1.2119090000000001,1e-06,1e-06,6050.0,100.0,100.0,1.17,0.04,0.04
5081,0.736,0.09,0.09,1.534,0.4,0.4,1.6453209999999998,1e-05,1e-05,6124.0,46.0,46.0,1.156,0.068,0.068
5082,1.294,0.049,0.05,1.143,0.025,0.026000000000000002,1.42002504,7.1e-07,7.1e-07,5013.0,88.0,93.0,0.838,0.016,0.016
5087,0.6679999999999999,0.066,0.066,1.062,0.07,0.07,3.506189,2e-05,2e-05,5052.0,66.0,66.0,0.8220000000000001,0.021,0.021
5088,1.88,0.25,0.25,1.7,0.03,0.03,2.032046,1e-05,1e-05,6387.0,38.0,38.0,1.409,0.026000000000000002,0.026000000000000002
5090,1.19,0.16,0.16,1.0090000000000001,0.013999999999999999,0.013999999999999999,1.5407309999999999,3.8e-05,3.8e-05,4309.0,31.0,31.0,0.7190000000000001,0.024,0.024
5160,1.057,0.016,0.006,1.16,0.036000000000000004,0.036000000000000004,8.3501898,1e-06,4e-06,4250.0,67.0,67.0,0.684,0.17,0.16
5171,1.18,0.14,0.14,1.3,0.08,0.08,2.103195,1.2e-05,1.2e-05,6260.0,100.0,100.0,1.38,0.08,0.09
5214,1.42,0.08,0.08,1.4,0.08,0.08,3.1968838,5e-07,5e-07,6269.0,110.0,110.0,1.32,0.2,0.2
5263,1.83,0.47,0.47,1.8780000000000001,0.042,0.042,1.90261131,4.3e-07,4.3e-07,7300.0,100.0,100.0,1.79,0.26,0.26
5264,1.18,0.13,0.13,1.286,0.002,0.023,2.0845435,2.3e-06,2.3e-06,5404.0,67.0,70.0,0.948,0.018000000000000002,0.023
5265,0.99,0.11,0.11,1.239,0.039,0.046,5.331751000000001,1.1e-05,1.1e-05,5948.0,90.0,90.0,1.517,0.049,0.053
5266,0.6963,0.0242,0.0242,0.9225,0.0571,0.0571,8.7099,0.0006,0.0006,5597.0,146.529,146.529,0.9890000000000001,0.126,0.126
5268,1.22,0.12,0.12,1.489,0.034,0.034,4.231306,5.6999999999999996e-05,6.3e-05,6495.0,90.0,90.0,1.4352,0.028999999999999998,0.028999999999999998
5282,0.7909999999999999,0.06,0.064,1.0859999999999999,0.048,0.081,2.2554477000000004,6.3e-06,6.3e-06,5880.0,49.0,54.0,1.147,0.075,0.069
5302,0.7,0.16,0.16,1.4,0.13,0.22,3.208666,1.6e-05,1.6e-05,5984.0,57.0,57.0,1.499,0.15,0.061
5319,0.9740000000000001,0.076,0.076,1.0,0.026000000000000002,0.026000000000000002,3.7130818,3e-06,3e-06,4673.0,55.0,55.0,0.8190000000000001,0.03,0.03
5333,1.6248,0.1029,0.1029,1.2187,0.0366,0.0366,6.54406,6e-06,6e-06,6232.0,123.245,123.245,1.2,0.168,0.168
5351,0.6639,0.063,0.066,1.1316,0.0631,0.0631,9.077534,8.499999999999999e-05,8.499999999999999e-05,6125.85,120.726,120.726,1.157,0.1578,0.1578
5377,0.92,0.19,0.19,1.453,0.048,0.053,3.6240801,2.5e-06,2.5e-06,6280.0,160.0,160.0,1.2329999999999999,0.09,0.077
5378,0.82,0.08,0.08,0.96,0.012,0.012,8.600769999999999,2.9999999999999997e-05,2.9999999999999997e-05,5673.0,50.0,50.0,1.12,0.12,0.12
5382,0.65,0.16,0.16,1.0170000000000001,0.051,0.051,6.90683,9e-05,9e-05,5966.0,136.0,136.0,1.53,0.12,0.12
5383,0.94,0.18,0.18,1.77,0.22,0.0,2.1225735,1.6e-06,1.6e-06,5966.0,72.0,72.0,1.082,0.05,0.05
5388,0.64,0.12,0.12,0.995,0.027999999999999997,0.027999999999999997,8.001968,2.5e-05,2.5e-05,6101.0,75.0,75.0,1.296,0.07,0.07
5400,1.0,0.15,0.15,0.9,0.1,0.1,2.99432,8e-05,8e-05,4780.0,100.0,100.0,1.325,0.12,0.12
5408,1.966,0.06,0.06,1.025,0.02,0.02,2.13570304,4e-07,4e-07,3943.0,14.0,14.0,0.635,0.016,0.016
5415,0.93,0.08,0.08,1.34,0.07,0.07,5.842641,1.4999999999999999e-05,1.4999999999999999e-05,5707.0,127.51299999999999,127.51299999999999,1.158,0.01,0.01
5429,0.64,0.04,0.04,1.0,0.03,0.03,7.18585,1e-05,1e-05,5831.0,80.0,80.0,1.01,0.03,0.03
5439,0.63,0.08,0.08,1.55,0.05,0.05,3.39775,2e-06,2e-06,6091.0,110.0,110.0,1.37,0.34,0.34
5447,0.61,0.19,0.19,1.76,0.16,0.16,6.2034,0.01,0.01,4800.0,100.0,100.0,1.19,0.16,0.16
5454,0.7170000000000001,0.10400000000000001,0.10400000000000001,1.224,0.062,0.062,2.499387,4e-06,4e-06,5665.0,115.0,115.0,1.07,0.06,0.06
5457,0.975,0.07,0.083,1.6159999999999999,0.034,0.034,1.96229325,8.2e-07,8.2e-07,6280.0,100.0,100.0,1.1179999999999999,0.055999999999999994,0.055999999999999994
5458,0.71,0.26,0.26,1.3630000000000002,0.046,0.046,4.039708999999999,2.4e-06,2.4e-06,5721.0,88.0,88.0,0.977,0.049,0.063
5462,1.68,0.26,0.26,1.1740000000000002,0.027000000000000003,0.031,2.3505613999999997,2.5e-06,2.5e-06,5691.0,94.0,94.0,0.9359999999999999,0.040999999999999995,0.057
5464,0.62,0.1,0.1,1.466,0.032,0.043,3.9014971,3.1e-06,3.1e-06,5760.0,88.0,88.0,1.12,0.06,0.11
5468,0.665,0.025,0.025,1.0170000000000001,0.044000000000000004,0.044000000000000004,2.59261842,4.1e-07,4.1e-07,3388.0,68.0,68.0,0.3939,0.02,0.02
5471,0.5539999999999999,0.076,0.076,1.39,0.06,0.07,3.6525144999999997,3e-06,3e-06,5850.0,140.0,140.0,1.041,0.068,0.084
5476,1.67,0.013000000000000001,0.013000000000000001,1.091,0.038,0.038,5.8768918,6.900000000000001e-06,6.900000000000001e-06,5706.0,95.0,95.0,1.186,0.083,0.059000000000000004
5484,0.6890000000000001,0.03,0.03,0.9940000000000001,0.02,0.02,2.15484802,7.5e-07,7.5e-07,3660.0,90.0,90.0,0.53,0.02,0.02
5487,1.04,0.15,0.15,2.0,0.035,0.0,2.8989727000000003,3.9e-06,3.9e-06,5772.0,84.0,84.0,1.181,0.092,0.064
5488,1.11,0.2,0.2,1.172,0.036000000000000004,0.036000000000000004,3.2443141,5.5e-06,5.5e-06,5859.0,72.0,72.0,1.242,0.076,0.057
5507,0.73,0.14,0.14,1.1640000000000001,0.025,0.025,3.1774835,9.4e-07,9.4e-07,6060.0,67.0,74.0,1.178,0.042,0.039
5526,0.9570000000000001,0.09,0.09,1.35,0.08,0.08,4.378081,2e-05,2e-05,4974.0,57.0,57.0,1.36,0.08,0.08
5527,1.113,0.071,0.071,1.489,0.079,0.079,3.25352,2e-05,2e-05,6020.0,100.0,100.0,1.3719999999999999,0.105,0.037000000000000005
5533,0.794,0.04,0.04,1.183,0.045,0.064,2.8807197999999996,2.8e-06,2.8e-06,5640.0,82.0,89.0,1.056,0.063,0.059000000000000004
5548,1.49,0.13,0.13,1.06,0.06,0.07,9.955810000000001,8e-05,8e-05,4896.0,110.0,110.0,1.31,0.18,0.07
5565,0.67,0.14,0.14,0.7559999999999999,0.024,0.024,1.5227596,3.5e-07,3.5e-07,3390.0,120.0,120.0,0.335,0.008,0.008
5585,0.525,0.064,0.064,1.0590000000000002,0.02,0.02,1.2652328000000002,5e-07,5e-07,3350.0,200.0,100.0,0.369,0.09699999999999999,0.026000000000000002
5586,1.08,0.08,0.08,0.94,0.04,0.04,1.630731,3e-06,3e-06,3439.0,54.0,54.0,0.392,0.015,0.015
5587,0.799,0.359,0.39299999999999996,0.879,0.034,0.034,4.291452,4e-06,4e-06,4230.0,88.0,88.0,0.7390000000000001,0.03,0.03
5590,0.54,0.07,0.07,1.06,0.04,0.04,2.930289,4e-06,4e-06,3586.0,88.0,88.0,0.54,0.02,0.02
5608,0.802,0.384,0.371,0.961,0.042,0.048,2.0028490000000003,4e-06,4e-06,3996.0,88.0,88.0,0.6659999999999999,0.025,0.025
5614,0.5760000000000001,0.34600000000000003,0.406,0.9229999999999999,0.05,0.055999999999999994,2.2035373,8.400000000000001e-06,8.400000000000001e-06,3896.0,88.0,88.0,0.556,0.022000000000000002,0.022000000000000002
5615,1.463,0.096,0.1,1.02,0.29,0.71,1.651144,1.8e-05,1.8e-05,5666.0,100.0,100.0,1.1,0.1,0.1
5627,1.17,0.09,0.09,1.22,0.03,0.03,4.023687000000001,3e-06,3e-06,6004.0,110.0,110.0,1.04,0.13,0.13
5628,1.635,0.032,0.032,1.284,0.098,0.098,5.7987,0.0004,0.0004,6223.0,100.0,100.0,1.548,0.085,0.027000000000000003
5629,0.7979999999999999,0.075,0.075,1.063,0.042,0.042,2.576184,2e-06,2e-06,3635.0,88.0,88.0,0.514,0.022000000000000002,0.025
5636,1.05,0.06,0.06,1.28,0.03,0.03,2.3926790000000002,2e-06,2e-06,5816.0,110.0,110.0,1.09,0.138,0.138
5645,1.04,0.094,0.094,1.0072,0.033,0.0366,1.79058695,8.7e-07,8.7e-07,3444.0,88.0,88.0,0.45799999999999996,0.011000000000000001,0.011000000000000001
5646,0.88,0.16,0.16,1.771,0.06,0.06,5.0037775,4.8e-06,4.8e-06,6460.0,150.0,130.0,1.536,0.076,0.069
5697,1.1,0.08,0.08,1.255,0.04,0.04,3.2797178,1.4e-06,1.4e-06,5842.0,80.0,80.0,1.08,0.07,0.076
5703,0.667,0.042,0.042,1.171,0.053,0.053,3.739494,3.8e-05,3.8e-05,5300.0,100.0,100.0,0.85,0.1,0.1
5719,0.7609999999999999,0.05,0.05,1.099,0.035,0.035,3.0300722,2e-07,2e-07,5242.82,108.9,112.6,0.8959999999999999,0.0957,0.11800000000000001
5720,1.253,0.052000000000000005,0.052000000000000005,1.189,0.025,0.025,2.4706133738,1.8700000000000002e-08,1.8700000000000002e-08,5850.0,50.0,50.0,0.98,0.062,0.062
5721,1.91,0.07,0.06,1.305,0.09,0.09,1.30618608,3.8e-07,3.8e-07,5720.0,150.0,150.0,0.924,0.04,0.04
5722,0.917,0.07,0.07,1.706,0.055999999999999994,0.055999999999999994,3.5539267999999997,3.2e-06,3.2e-06,6200.0,75.0,75.0,1.3880000000000001,0.042,0.042
5723,1.778,0.063,0.063,1.209,0.021,0.021,1.4822446000000002,7e-07,7e-07,5171.0,36.0,36.0,0.893,0.024,0.024
5742,0.5,0.004,0.004,1.36,0.04,0.04,3.5857076,1e-06,1e-06,6400.0,110.0,110.0,1.34,0.07,0.07
5743,0.621,0.133,0.133,1.33,0.05,0.05,2.709813,3e-07,3e-07,5990.0,100.0,100.0,1.08,0.07,0.07
5744,1.49,0.08800000000000001,0.08800000000000001,1.528,0.047,0.073,0.925542,1.9e-05,1.9e-05,6110.0,100.0,100.0,1.22,0.0039,0.0039
5745,1.272,0.047,0.047,1.137,0.037000000000000005,0.037000000000000005,1.7554136999999999,3.6000000000000003e-06,1.8000000000000001e-06,5450.0,130.0,130.0,1.02,0.09,0.09
5746,1.8,0.1,0.1,0.96,0.03,0.03,7.87288,1e-05,1e-05,5070.0,130.0,130.0,0.89,0.09,0.09
5747,1.925,0.076,0.076,1.085,0.027999999999999997,0.046,9.289715,1e-05,1e-05,6000.0,150.0,150.0,1.27,0.15,0.15
5750,1.167,0.091,0.092,1.215,0.04,0.04,2.6755463,2.1000000000000002e-06,2.1000000000000002e-06,6000.0,140.0,140.0,1.167,0.092,0.092
5751,0.91,0.13,0.13,1.443,0.053,0.053,3.3190233,4.2000000000000004e-06,4.2000000000000004e-06,6520.0,140.0,140.0,1.203,0.09,0.09
5753,0.515,0.064,0.064,1.238,0.055999999999999994,0.055999999999999994,3.7783976999999997,3.1e-06,3.1e-06,5400.0,140.0,140.0,0.892,0.07200000000000001,0.07200000000000001
5754,1.85,0.16,0.16,1.442,0.094,0.094,2.310965,3.4e-06,3.4e-06,6510.0,133.533,133.533,1.3359999999999999,0.21899999999999997,0.21899999999999997
5755,0.88,0.12,0.12,1.1909999999999998,0.049,0.049,3.0353992,3.8e-06,3.8e-06,5610.0,130.0,130.0,0.807,0.073,0.073
5757,1.7690000000000001,0.064,0.064,1.339,0.064,0.064,1.5487743,9.000000000000001e-07,1.2e-06,5940.0,140.0,140.0,1.2890000000000001,0.053,0.053
5758,0.64,0.14,0.14,1.22,0.06,0.06,6.6132,2e-06,2e-06,6250.0,125.0,125.0,1.25,0.08,0.08
5760,0.514,0.02,0.02,1.44,0.036000000000000004,0.036000000000000004,4.0460435,4.4e-06,4.4e-06,6404.0,100.92,145.18,1.29,0.1958,0.1958
5761,1.23,0.08,0.09,1.4,0.2,0.2,2.49979,1e-05,1e-05,5650.0,100.0,100.0,1.02,0.06,0.06
5763,1.1840000000000002,0.064,0.065,1.865,0.044000000000000004,0.044000000000000004,1.2749255,2.5e-07,2.5e-07,6460.0,140.0,140.0,1.3530000000000002,0.079,0.06
5764,1.401,0.075,0.075,1.7919999999999998,0.069,0.069,1.7100567,3.6000000000000003e-06,3.6000000000000003e-06,5875.0,132.839,132.839,1.06,0.139,0.139
5765,0.92,0.05,0.05,1.327,0.07400000000000001,0.07400000000000001,2.977641,2.4e-06,2.4e-06,5737.0,141.15200000000002,141.15200000000002,1.025,0.126,0.126
5766,0.6,0.07,0.07,1.24,0.03,0.03,3.37265,1e-06,1e-06,6050.0,100.0,100.0,1.07,0.05,0.05
5770,1.0,0.1,0.1,0.93,0.03,0.03,5.748145,1e-06,1e-06,5900.0,100.0,100.0,1.0,0.03,0.03
5771,1.47,0.069,0.076,1.9,0.055,0.057,1.09141937,0.0,0.0,6360.0,140.0,130.0,1.4340000000000002,0.09,0.11
5777,1.16,0.09,0.09,1.21,0.05,0.05,2.1764229999999998,1e-06,1e-06,5700.0,100.0,100.0,1.16,0.08,0.08
5780,1.9,0.08,0.08,1.3,0.09,0.09,1.4013794,8e-07,8e-07,5680.0,60.0,60.0,0.98,0.06,0.06
5781,1.51,0.08,0.08,1.38,0.16,0.16,5.215357,6e-06,6e-06,6067.2,119.7,119.7,1.13,0.14800000000000002,0.14800000000000002
5782,0.6809999999999999,0.054000000000000006,0.054000000000000006,1.27,0.11,0.11,3.9080284,5.3e-06,5.3e-06,6100.0,140.0,140.0,1.216,0.066,0.066
5788,0.84,0.09,0.09,1.53,0.08,0.08,2.052868,2e-06,2e-06,6010.0,140.0,140.0,1.33,0.08,0.08
5789,0.725,0.084,0.084,1.234,0.042,0.042,3.7788730000000004,3.2e-06,3.2e-06,5900.0,140.0,140.0,1.087,0.045,0.045
5791,0.89,0.04,0.04,0.9,0.04,0.04,1.7690381000000002,8e-07,8e-07,4900.0,150.0,150.0,0.76,0.04,0.04
5792,1.11,0.15,0.15,1.228,0.076,0.076,3.3969440000000004,3.6000000000000003e-06,3.6000000000000003e-06,6100.0,140.0,140.0,1.057,0.085,0.085
5796,0.991,0.196,0.196,1.36,0.06,0.06,1.332813,5e-07,6e-07,5750.0,125.0,125.0,1.05,0.06,0.06
5802,0.626,0.129,0.129,0.96,0.06,0.06,3.8116779999999997,1e-06,1e-06,4774.0,133.0,133.0,0.8,0.05,0.05
5803,0.871,0.18,0.18,1.2,0.06,0.06,3.1104130000000003,1e-06,1e-06,5660.0,100.0,100.0,1.09,0.07,0.07
5805,0.5760000000000001,0.094,0.094,0.998,0.025,0.025,3.951623,1.8e-05,1.8e-05,5772.0,86.0,86.0,1.06,0.04,0.04
5807,0.55,0.08,0.08,1.38,0.09,0.09,3.8404010000000004,7.000000000000001e-06,7.000000000000001e-06,6000.0,150.0,150.0,1.41,0.12,0.12
5808,0.542,0.05,0.05,1.4280000000000002,0.077,0.077,3.7520656000000003,2.8e-06,2.8e-06,6300.0,100.0,100.0,1.18,0.12,0.12
5812,1.87,0.21,0.21,1.202,0.09699999999999999,0.09699999999999999,1.6096883999999998,1.5e-06,1.5e-06,6472.0,742.0,441.5,1.318,0.39799999999999996,0.266
5814,0.6579999999999999,0.092,0.09699999999999999,1.26,0.17,0.19,3.4655089999999995,2.3e-05,2.3e-05,5599.0,150.0,150.0,1.248,0.07,0.07200000000000001
5818,0.561,0.06,0.06,1.304,0.073,0.15,5.611411799999999,9.2e-06,9.2e-06,6110.0,100.0,100.0,1.337,0.083,0.083
5819,0.855,0.059000000000000004,0.059000000000000004,1.008,0.071,0.071,3.1186008999999997,1.31e-05,1.31e-05,5550.0,130.0,130.0,1.022,0.10099999999999999,0.10099999999999999
5821,1.6,0.2,0.2,1.0959999999999999,0.085,0.085,2.34478022,3.6000000000000003e-06,3.6000000000000003e-06,5593.0,150.0,150.0,0.93,0.15,0.15
5822,1.084,0.094,0.094,0.988,0.04,0.07,3.8186244,3.8e-06,3.8e-06,5965.0,100.0,100.0,1.171,0.057999999999999996,0.057999999999999996
5825,0.99,0.13,0.13,1.208,0.081,0.081,3.0652907000000003,1.6e-05,1.1e-05,6229.0,100.0,100.0,1.212,0.045,0.045
5826,0.855,0.07,0.07,1.505,0.045,0.05,3.8990519999999997,5e-05,5e-05,5902.0,36.0,20.0,1.27,0.025,0.025
5827,0.508,0.038,0.038,1.58,0.36,0.66,3.0717220000000003,1e-06,1e-06,5017.0,70.0,70.0,0.8759999999999999,0.038,0.038
5828,1.41,0.51,0.43,1.94,0.057999999999999996,0.06,3.3448285,1.2e-06,1.2e-06,8640.0,240.0,500.0,1.93,0.16,0.14
5830,0.8,0.1,0.1,1.29,0.07,0.07,3.409265,1e-06,1e-06,6600.0,200.0,200.0,1.3,0.1,0.1
5833,0.502,0.047,0.047,1.47,0.33,0.94,4.1117771,5.0999999999999995e-06,5.0999999999999995e-06,5313.0,72.0,72.0,0.784,0.038,0.038
5834,0.57,0.1,0.1,1.33,0.09,0.09,5.1817,1e-05,1e-05,6000.0,100.0,100.0,1.23,0.07,0.07
5837,0.8,0.08,0.08,1.766,0.04,0.04,5.147882,8e-06,8e-06,6150.0,85.0,92.0,1.54,0.09,0.09
5838,1.443,0.298,0.29600000000000004,1.3219999999999998,0.051,0.051,5.748916,3e-06,3e-06,6850.0,125.0,125.0,1.5,0.09,0.09
5839,1.99,0.14,0.16,1.619,0.021,0.021,2.7240330000000004,4.2000000000000004e-06,4.2000000000000004e-06,7996.0,99.0,99.0,1.8869999999999998,0.057,0.057
5842,1.0,0.1,0.1,1.15,0.09,0.09,5.3677529999999996,4e-06,4e-06,6400.0,100.0,100.0,1.35,0.05,0.05
5845,1.1740000000000002,0.265,0.265,1.381,0.08800000000000001,0.08800000000000001,3.1833869999999997,4e-07,5e-07,6405.0,200.0,200.0,1.29,0.08,0.08
5847,1.2690000000000001,0.254,0.254,1.2890000000000001,0.049,0.049,5.167228,3e-06,3e-06,6050.0,100.0,100.0,1.36,0.08,0.08
5848,1.139,0.03,0.03,1.41,0.017,0.017,0.78884,3e-07,3e-07,5500.0,100.0,100.0,0.904,0.045,0.045
5849,0.9470000000000001,0.027999999999999997,0.027999999999999997,1.514,0.0473,0.0517,2.5199447999999998,5e-07,5e-07,6116.0,106.58,106.58,1.153,0.156,0.156
5852,0.617,0.0172,0.0032,1.199,0.027000000000000003,0.046,3.5327312999999996,5.7999999999999995e-06,5.7999999999999995e-06,6000.0,100.0,100.0,1.1,0.3,0.3
5853,0.884,0.099,0.08800000000000001,0.9620000000000001,0.055999999999999994,0.047,2.9444256,1.3e-06,1.1e-06,5150.0,100.0,100.0,0.78,0.13,0.13
5854,1.071,0.038,0.036000000000000004,1.3,0.038,0.039,2.3412127000000003,2e-06,2e-06,6075.0,100.0,100.0,1.129,0.025,0.025
5855,0.58,0.04,0.04,1.26,0.06,0.06,3.7648300000000003,5e-05,5e-05,5750.0,100.0,100.0,1.0,0.03,0.03
5856,1.028,0.021,0.021,1.281,0.075,0.075,2.7566004,6.7e-06,6.7e-06,5950.0,100.0,100.0,1.12,0.03,0.03
5857,0.907,0.043,0.043,1.213,0.042,0.042,3.4088300000000005,6e-06,6e-06,6150.0,140.0,140.0,1.021,0.05,0.05
5859,0.847,0.045,0.045,1.079,0.033,0.033,2.15222144,4e-07,4e-07,5150.0,80.0,80.0,0.84,0.11,0.11
5863,0.58,0.9,0.9,1.26,0.09,0.09,4.31768509,8.5e-07,8.5e-07,5700.0,100.0,100.0,1.01,0.07,0.07
5866,1.8,0.17,0.17,1.16,0.06,0.07,3.577471,1.1e-05,1.1e-05,5800.0,150.0,150.0,0.8490000000000001,0.04,0.04
5869,1.81,0.063,0.063,1.392,0.019,0.019,1.8468354,2e-07,2e-07,6352.0,144.16,144.16,1.26,0.193,0.193
5870,0.94,0.05,0.05,1.18,0.03,0.03,3.052404,9.000000000000001e-07,9.000000000000001e-07,5450.0,150.0,150.0,0.95,0.09,0.09
5874,0.889,0.062,0.062,1.14,0.11,0.11,2.4238039000000002,8.7e-06,8.7e-06,5410.0,150.0,150.0,0.951,0.034,0.034
5875,1.0070000000000001,0.053,0.053,1.16,0.14,0.14,3.1260876,3.5000000000000004e-06,3.5000000000000004e-06,5140.0,200.0,200.0,0.909,0.06,0.06
5877,1.1424299999999998,0.022969999999999997,0.022969999999999997,1.127,0.013000000000000001,0.013000000000000001,4.1591289,4.2000000000000004e-06,4.2000000000000004e-06,5552.0,75.0,75.0,1.04,0.03,0.03
5881,0.98,0.09,0.09,1.67,0.08,0.08,2.143634,3e-06,3e-06,5990.0,90.0,90.0,1.19,0.05,0.05
5883,1.1974,0.0068,0.0068,1.3846,0.0088,0.0088,1.338231602,5.6e-08,5.6e-08,5500.0,100.0,100.0,0.93,0.05,0.05
5884,1.4369999999999998,0.068,0.068,1.138,0.026000000000000002,0.026000000000000002,1.9550958999999999,5.0999999999999995e-06,5.0999999999999995e-06,5400.0,100.0,100.0,0.861,0.057,0.057
5887,0.63,0.02,0.02,1.57,0.07,0.07,3.6935995000000004,1.8000000000000001e-06,1.8000000000000001e-06,6097.47,145.14,130.0,1.145,0.161,0.14400000000000002
5888,0.61,0.13,0.13,1.33,0.13,0.13,4.46563,4e-06,4e-06,5900.0,100.0,100.0,1.11,0.35,0.35
5889,0.599,0.039,0.04,1.092,0.033,0.035,4.617101,3e-06,3e-06,5797.0,121.23,121.23,1.04,0.132,0.132
5891,0.89,0.07,0.07,1.37,0.2,0.2,5.017180000000001,1.1e-05,1.1e-05,5800.0,150.0,150.0,0.94,0.1,0.1
5892,0.863,0.045,0.045,0.775,0.068,0.068,7.9195850000000005,1e-05,1e-05,4650.0,150.0,150.0,0.7190000000000001,0.035,0.035
5893,1.6369999999999998,0.08199999999999999,0.08199999999999999,1.171,0.057,0.057,1.6284246,1.3e-06,1.3e-06,5700.0,100.0,100.0,1.0,0.06,0.06
5894,0.514,0.034,0.034,0.86,0.12,0.12,4.3050011,6.2e-06,6.2e-06,5900.0,100.0,100.0,1.078,0.035,0.035
5896,0.58,0.03,0.03,1.39,0.03,0.03,4.41193811,1.5e-07,1.5e-07,6230.0,80.0,80.0,1.25,0.05,0.05
5898,1.2209999999999999,0.071,0.073,1.271,0.039,0.039,1.5732918,1.5e-06,1.5e-06,5652.0,150.3,109.3,1.0,0.105,0.14
5899,1.55,0.16,0.16,1.112,0.059000000000000004,0.059000000000000004,2.3114242999999997,1.5e-06,1.5e-06,5600.0,100.0,100.0,0.93,0.16,0.12
5902,0.95,0.03,0.03,1.24,0.06,0.1,5.084298,1.4999999999999999e-05,1.4999999999999999e-05,5692.5,138.954,101.509,1.011,0.09300000000000001,0.1539
5904,0.503,0.038,0.019,1.224,0.052000000000000005,0.051,3.3610059999999997,3.5000000000000004e-06,3.5000000000000004e-06,5450.0,100.0,100.0,0.888,0.08,0.08
5905,0.59,0.022000000000000002,0.023,1.1640000000000001,0.073,0.102,3.7130203,4.7e-06,4.7e-06,5763.0,79.0,79.0,1.1059999999999999,0.042,0.042
5907,1.446,0.053,0.054000000000000006,1.27,0.2,0.2,2.2167421000000003,8.1e-06,8.1e-06,5773.47,111.088,111.088,1.03,0.131,0.131
5908,1.89,0.05,0.05,1.17,0.05,0.05,4.0872980000000005,1.9e-06,1.9e-06,6030.0,120.0,120.0,1.34,0.04,0.05
5909,0.826,0.013999999999999999,0.013999999999999999,1.248,0.036000000000000004,0.036000000000000004,2.13775138,2.4e-07,2.4e-07,5970.0,110.0,110.0,1.48,0.12,0.12
5910,1.07,0.05,0.05,1.27,0.048,0.048,2.484193,3e-06,3e-06,6100.0,100.0,100.0,1.14,0.06,0.07
5911,0.92,0.03,0.03,1.83,0.06,0.06,1.809886,1e-06,1e-06,6250.0,100.0,100.0,1.46,0.07,0.07
5912,1.7590000000000001,0.005,0.005,1.21,0.02,0.02,1.3600288,1e-07,1e-07,5500.0,80.0,80.0,1.002,0.045,0.045
5913,0.89,0.08,0.08,1.7,0.11,0.11,2.17517656,4.8e-06,4.8e-06,6100.0,100.0,100.0,2.02,0.09,0.09
5914,0.835,0.08,0.08,1.58,0.005,0.005,3.66239094,6e-07,6e-07,6600.0,100.0,100.0,1.56,0.09,0.09
5915,0.96,0.13,0.13,1.33,0.09300000000000001,0.09300000000000001,4.9546415999999995,3.5000000000000004e-06,3.5000000000000004e-06,6400.0,100.0,100.0,1.276,0.06,0.06
5916,0.5539999999999999,0.039,0.03,0.9520000000000001,0.027000000000000003,0.026000000000000002,3.0678504,2.7000000000000004e-06,2.3e-06,4145.0,100.0,100.0,0.58,0.05,0.05
5917,0.7290000000000001,0.035,0.036000000000000004,1.429,0.046,0.051,2.7164762000000002,2.3e-06,2.3e-06,5870.0,120.0,120.0,1.08,0.057999999999999996,0.059000000000000004
5918,1.24,0.04,0.04,1.63,0.04,0.04,2.7057889999999998,0.0007,0.0007,6500.0,80.0,80.0,1.63,0.08,0.08
5920,0.6920000000000001,0.057999999999999996,0.057999999999999996,0.9564,0.0241,0.0241,8.5234964,6e-07,6e-07,5314.0,88.0,88.0,0.8420000000000001,0.037000000000000005,0.037000000000000005
5922,1.265,0.065,0.065,1.24,0.03,0.03,2.6556777,4.4e-07,4.4e-07,6112.0,27.0,27.0,1.09,0.08,0.08
5924,0.56,0.08,0.08,1.7,0.07,0.13,4.954,1.9e-05,1.9e-05,6431.0,130.0,130.0,1.45,0.05,0.05
5927,0.63,0.07,0.07,1.63,0.09,0.09,3.916243,3e-06,3e-06,6430.0,130.0,130.0,1.55,0.1,0.1
5928,1.34,0.08,0.08,1.03,0.04,0.04,2.798581,3e-06,3e-06,4920.0,80.0,80.0,0.84,0.07,0.07
5929,0.805,0.068,0.068,1.4609999999999999,0.077,0.077,2.1746742,1.6e-06,1.6e-06,6280.0,120.0,120.0,1.19,0.037000000000000005,0.037000000000000005
5930,1.47,0.028999999999999998,0.028999999999999998,1.597,0.077,0.077,2.7325321,2e-06,2e-06,6700.0,100.0,100.0,1.3,0.11,0.11
5933,1.206,0.067,0.067,1.0979999999999999,0.08800000000000001,0.08800000000000001,2.1846656,1.1e-07,1.1e-07,5630.0,130.0,130.0,1.11,0.09,0.09
5935,1.32,0.05,0.05,1.13,0.06,0.06,2.0727599999999997,1e-06,1e-06,5640.0,100.0,100.0,1.12,0.06,0.06
5936,0.83,0.07,0.07,1.1,0.04,0.04,2.96264,1.3e-06,1.3e-06,5526.0,126.74700000000001,126.74700000000001,0.97,0.12300000000000001,0.12300000000000001
5941,0.59,0.09,0.1,1.0,0.1,0.1,2.663416,1e-06,1e-06,4125.0,210.0,210.0,0.65,0.1,0.1
5942,0.73,0.32,0.55,1.0,0.003,0.003,1.7522238999999997,8e-07,8e-07,4667.0,238.0,238.0,0.73,0.11,0.11
5953,1.12,0.13,0.13,1.3,0.057999999999999996,0.057999999999999996,1.0187074,7.000000000000001e-06,7.000000000000001e-06,5000.0,250.0,250.0,0.82,0.08199999999999999,0.08199999999999999
5955,0.62,0.02,0.02,0.973,0.03,0.03,2.615838,8e-06,8e-06,5290.0,18.0,18.0,0.96,0.05,0.05
5960,1.6159999999999999,0.1,0.10099999999999999,1.317,0.028999999999999998,0.04,4.1247300000000005,0.00047000000000000004,0.00061,5700.0,70.0,70.0,1.32,0.02,0.02
5961,1.077,0.037000000000000005,0.037000000000000005,1.03,0.05,0.05,4.1877537,1.7e-06,1.7e-06,5510.0,44.0,44.0,0.88,0.03,0.03
5963,0.726,0.038,0.038,1.3459999999999999,0.02,0.02,2.86413296,5.5e-07,5.5e-07,6000.0,450.0,250.0,1.405,0.059000000000000004,0.059000000000000004
